Population,Sample,Species,Bioproject,biosample,group_a,group_b,Site,Location,Alias,BP_max,BP_min,BP_median,Age ,Period,Lat,Long,Sex,reference,Path
DOM,Borly4_PAVH11,horse,PRJEB22390,SAMEA104233651,,Borly,Borly 4,Kazakhstan,Borly4_PAVH11_5015,,,4948,5015,Copper Age,52.2873032,76.9674023,female,Gaunitz_et_al_2018,/home/ludo/inbox/BAMs/ancient/PAVH11_CGG_1_018171.Horse_nuc_wY.realigned.r.t.m.bam
DOM,Borly4_PAVH4,horse,PRJEB22390,SAMEA104233652,,Borly,Borly 4,Kazakhstan,Borly4_PAVH4_4974,,,4907,4974,Copper Age,52.2873032,76.9674023,female,Gaunitz_et_al_2018,/home/ludo/inbox/BAMs/ancient/PAVH4_CGG_1_018157.Horse_nuc_wY.realigned.r.t.m.bam
DOM,Borly4_PAVH6,horse,PRJEB22390,SAMEA104233653,,Borly,Borly 4,Kazakhstan,Borly4_PAVH6_5012,,,4945,5012,Copper Age,52.2873032,76.9674023,female,Gaunitz_et_al_2018,/home/ludo/inbox/BAMs/ancient/PAVH6_CGG_1_018161.Horse_nuc_wY.realigned.r.t.m.bam
DOM,Borly4_PAVH8,horse,PRJEB22390,SAMEA104233654,,Borly,Borly 4,Kazakhstan,Borly4_PAVH8_4978,,,4911,4978,Copper Age,52.2873032,76.9674023,male,Gaunitz_et_al_2018,/home/ludo/inbox/BAMs/ancient/PAVH8_CGG_1_018165.Horse_nuc_wY.realigned.r.t.m.bam
DOM,Borly4_PAVH9,horse,PRJEB22390,SAMEA104233655,,Borly,Borly 4,Kazakhstan,Borly4_PAVH9_4977,,,4910,4977,Copper Age,52.2873032,76.9674023,male,Gaunitz_et_al_2018,/home/ludo/inbox/BAMs/ancient/PAVH9_CGG_1_018167.Horse_nuc_wY.realigned.r.t.m.bam
DOM,Botai_1,horse,PRJEB22390,SAMEA104233656,,,Botai,Kazakhstan,Botai_1_5500,,,5433,5500,Copper Age,53.3039424,67.6457864,male,Gaunitz_et_al_2018,/home/ludo/inbox/BAMs/ancient/Botai1_CGG_1_018173.Horse_nuc_wY.realigned.r.t.m.bam
DOM,Botai_2,horse,PRJEB22390,SAMEA104233657,,Botai,Botai,Kazakhstan,Botai_2_5500,,,5433,5500,Copper Age,53.3039424,67.6457864,male,Gaunitz_et_al_2018,/home/ludo/inbox/BAMs/ancient/Botai2_CGG_1_018174.Horse_nuc_wY.realigned.r.t.m.bam
DOM,Botai_3,horse,PRJEB22390,SAMEA104233658,,,Botai,Kazakhstan,Botai_3_5500,,,5433,5500,Copper Age,53.3039424,67.6457864,male,Gaunitz_et_al_2018,/home/ludo/inbox/BAMs/ancient/Botai3_CGG_1_018175.Horse_nuc_wY.realigned.r.t.m.bam
DOM,Botai_4,horse,PRJEB22390,SAMEA104233659,,Botai,Botai,Kazakhstan,Botai_4_5500,,,5433,5500,Copper Age,53.3039424,67.6457864,male,Gaunitz_et_al_2018,/home/ludo/inbox/BAMs/ancient/Botai4_CGG_1_018176.Horse_nuc_wY.realigned.r.t.m.bam
DOM,Botai_5,horse,PRJEB22390,SAMEA104233660,,Botai,Botai,Kazakhstan,Botai_5_5500,,,5433,5500,Copper Age,53.3039424,67.6457864,male,Gaunitz_et_al_2018,/home/ludo/inbox/BAMs/ancient/Botai5_CGG_1_018177.Horse_nuc_wY.realigned.r.t.m.bam
DOM,Botai_6,horse,PRJEB22390,SAMEA104233661,,Botai,Botai,Kazakhstan,Botai_6_5500,,,5433,5500,Copper Age,53.3039424,67.6457864,male,Gaunitz_et_al_2018,/home/ludo/inbox/BAMs/ancient/Botai6_CGG_1_018178.Horse_nuc_wY.realigned.r.t.m.bam
DOM,Botai_8,horse,PRJEB22390,SAMEA104233662,,,Botai,Kazakhstan,Botai_8_5500,,,5433,5500,Copper Age,53.3039424,67.6457864,female,Gaunitz_et_al_2018,/home/ludo/inbox/BAMs/ancient/LOBOT_8_CGG_1_020179.Horse_nuc_wY.realigned.r.t.m.bam
DOM,Botai_A,horse,PRJEB31613,SAMEA5408166,,,Botai,Kazakhstan,Botai_A_5500,,,5433,5500,Copper Age,53.3039424,67.6457864,female,Fages_et_al_2019,/home/ludo/inbox/BAMs/ancient/LOBOT_A_CGG_1_020181.Horse_nuc_wY.realigned.r.t.m.1.3p.bam
DOM,Botai_B,horse,PRJEB31613,SAMEA5408167,,,Botai,Kazakhstan,Botai_B_5500,,,5433,5500,Copper Age,53.3039424,67.6457864,female,Fages_et_al_2019,/home/ludo/inbox/BAMs/ancient/LOBOT_B_CGG_1_020182.Horse_nuc_wY.realigned.r.t.m.3p1.bam
DOM,Botai_C,horse,PRJEB31613,SAMEA104233663,,,Botai,Kazakhstan,Botai_C_5500,,,5433,5500,Copper Age,53.3039424,67.6457864,male,Fages_et_al_2019,/home/ludo/inbox/BAMs/ancient/LOBOT_C_CGG_1_020183.Horse_nuc_wY.realigned.r.t.m.bam
DOM,Botai_D1,horse,PRJEB22390,SAMEA104233664,,,Botai,Kazakhstan,Botai_D1_5500,,,5433,5500,Copper Age,53.3039424,67.6457864,male,Gaunitz_et_al_2018,/home/ludo/inbox/BAMs/ancient/LOBOT_D1_CGG_1_020204.Horse_nuc_wY.realigned.r.t.m.bam
DOM,Botai_D2,horse,PRJEB31613,SAMEA5408168,,,Botai,Kazakhstan,Botai_D2_5500,,,5433,5500,Copper Age,53.3039424,67.6457864,female,Fages_et_al_2019,/home/ludo/inbox/BAMs/ancient/LOBOT_D2_CGG_1_020205_i21_ACATAC_U.r.t.bam
DOM,Botai_D4,horse,PRJEB22390,SAMEA104233665,,,Botai,Kazakhstan,Botai_D4_5500,,,5433,5500,Copper Age,53.3039424,67.6457864,female,Gaunitz_et_al_2018,/home/ludo/inbox/BAMs/ancient/LOBOT_D4_CGG_1_020207.Horse_nuc_wY.realigned.r.t.m.bam
DOM,Botai_D5,horse,PRJEB22390,SAMEA104233666,,,Botai,Kazakhstan,Botai_D5_5500,,,5433,5500,Copper Age,53.3039424,67.6457864,male,Gaunitz_et_al_2018,/home/ludo/inbox/BAMs/ancient/LOBOT_D5_CGG_1_020208.Horse_nuc_wY.realigned.r.t.m.bam
DOM,Botai_D6,horse,PRJEB22390,SAMEA104233667,,,Botai,Kazakhstan,Botai_D6_5500,,,5433,5500,Copper Age,53.3039424,67.6457864,female,Gaunitz_et_al_2018,/home/ludo/inbox/BAMs/ancient/LOBOT_D6_CGG_1_020209.Horse_nuc_wY.realigned.r.t.m.bam
DOM,Botai_E,horse,PRJEB31613,SAMEA5408169,,,Botai,Kazakhstan,Botai_E_5500,,,5433,5500,Copper Age,53.3039424,67.6457864,female,Fages_et_al_2019,/home/ludo/inbox/BAMs/ancient/LOBOT_E_CGG_1_020185_i27_TGCATA_U.r.t.3p2.bam
DOM,Botai_F,horse,PRJEB22390,SAMEA104233668,,,Botai,Kazakhstan,Botai_F_5500,,,5433,5500,Copper Age,53.3039424,67.6457864,male,Gaunitz_et_al_2018,/home/ludo/inbox/BAMs/ancient/LOBOT_F_CGG_1_020186.Horse_nuc_wY.realigned.r.t.m.bam
DOM,Botai_G,horse,PRJEB31613,SAMEA104233669,,,Botai,Kazakhstan,Botai_G_5500,,,5433,5500,Copper Age,53.3039424,67.6457864,male,Fages_et_al_2019,/home/ludo/inbox/BAMs/ancient/LOBOT_G_CGG_1_020187.Horse_nuc_wY.realigned.r.t.m.bam
DOM,Botai_I,horse,PRJEB31613,SAMEA104233670,,,Botai,Kazakhstan,Botai_I_5500,,,5433,5500,Copper Age,53.3039424,67.6457864,male,Fages_et_al_2019,/home/ludo/inbox/BAMs/ancient/LOBOT_I_CGG_1_020189.Horse_nuc_wY.realigned.r.t.m.bam
DOM,Botai_K,horse,PRJEB31613,SAMEA104233671,,,Botai,Kazakhstan,Botai_K_5500,,,5433,5500,Copper Age,53.3039424,67.6457864,male,Fages_et_al_2019,/home/ludo/inbox/BAMs/ancient/LOBOT_K_CGG_1_020191.Horse_nuc_wY.realigned.r.t.m.bam
DOM,Botai_L,horse,PRJEB22390,SAMEA104233672,,,Botai,Kazakhstan,Botai_L_5500,,,5433,5500,Copper Age,53.3039424,67.6457864,female,Gaunitz_et_al_2018,/home/ludo/inbox/BAMs/ancient/LOBOT_L_CGG_1_020192.LOBOT_M_CGG_1_020193.Horse_nuc_wY.realigned.r.t.m.bam
DOM,Botai_N,horse,PRJEB31613,SAMEA5408170,,,Botai,Kazakhstan,Botai_N_5500,,,5433,5500,Copper Age,53.3039424,67.6457864,female,Fages_et_al_2019,/home/ludo/inbox/BAMs/ancient/LOBOT_N_CGG_1_020194_i9_GATCAG_U.r.t.5p1.3p2.bam
DOM,Botai_NB18,horse,PRJEB31613,SAMEA5408171,,,Botai,Kazakhstan,Botai_NB18_4692,,,4625,4692,Copper Age,53.3039424,67.6457864,female,Fages_et_al_2019,/home/ludo/inbox/BAMs/ancient/NewBotai_18_CGG_1_017010.Horse_nuc_wY.realigned.r.t.s.m.bam
DOM,Botai_O,horse,PRJEB31613,SAMEA5408172,,,Botai,Kazakhstan,Botai_O_5500,,,5433,5500,Copper Age,53.3039424,67.6457864,male,Fages_et_al_2019,/home/ludo/inbox/BAMs/ancient/LOBOT_O_CGG_1_020195_i10_TAGCTT_U.r.t.5p2.3p2.bam
DOM,Botai_P,horse,PRJEB22390,SAMEA104233673,,,Botai,Kazakhstan,Botai_P_5500,,,5433,5500,Copper Age,53.3039424,67.6457864,male,Gaunitz_et_al_2018,/home/ludo/inbox/BAMs/ancient/LOBOT_P_CGG_1_020196.Horse_nuc_wY.realigned.r.t.m.bam
DOM,Botai_Petrous,horse,PRJEB22390,SAMEA104233674,,,Botai,Kazakhstan,Botai_Petrous_5500,,,5433,5500,Copper Age,53.3039424,67.6457864,female,Gaunitz_et_al_2018,/home/ludo/inbox/BAMs/ancient/LOBOT_Petrous_CGG_1_020210.Horse_nuc_wY.realigned.r.t.m.bam
DOM,Botai_R,horse,PRJEB22390,SAMEA104233675,,,Botai,Kazakhstan,Botai_R_5500,,,5433,5500,Copper Age,53.3039424,67.6457864,female,Gaunitz_et_al_2018,/home/ludo/inbox/BAMs/ancient/LOBOT_R_CGG_1_020198.Horse_nuc_wY.realigned.r.t.m.bam
DOM,Botai_T,horse,PRJEB31613,SAMEA5408173,,,Botai,Kazakhstan,Botai_T_5500,,,5433,5500,Copper Age,53.3039424,67.6457864,female,Fages_et_al_2019,/home/ludo/inbox/BAMs/ancient/LOBOT_T_CGG_1_020200_i47_U_CATAGA.r.t.bam
DOM2,Actiparc_GVA124,horse,PRJEB31613,SAMEA5408142,,La Tène,Actiparc,France,Actiparc_GVA124_2143,,,2076,2143,Iron Age,50.31503,2.821797,male,Fages_et_al_2019,/home/ludo/inbox/BAMs/ancient/GVA124_CGG_1_019382.Horse_nuc_wY.realigned.r.t.m.bam
DOM2,Actiparc_GVA307,horse,PRJEB31613,SAMEA5408143,,La Tène,Actiparc,France,Actiparc_GVA307_2127,,,2060,2127,Iron Age,50.31503,2.821797,male,Fages_et_al_2019,/home/ludo/inbox/BAMs/ancient/GVA307_CGG_1_019857.Horse_nuc_wY.realigned.r.t.m.bam
DOM2,Actiparc_GVA308,horse,PRJEB31613,SAMEA5408144,,La Tène,Actiparc,France,Actiparc_GVA308_2312,,,2245,2312,Iron Age,50.31503,2.821797,female,Fages_et_al_2019,/home/ludo/inbox/BAMs/ancient/GVA308_CGG_1_019858.Horse_nuc_wY.realigned.r.t.m.bam
DOM2,Actiparc_GVA309,horse,PRJEB31613,SAMEA5408145,,La Tène,Actiparc,France,Actiparc_GVA309_2302,,,2235,2302,Iron Age,50.31503,2.821797,male,Fages_et_al_2019,/home/ludo/inbox/BAMs/ancient/GVA309_CGG_1_019859.Horse_nuc_wY.realigned.r.t.m.bam
DOM2,Actiparc_GVA310,horse,PRJEB31613,SAMEA104233649,,,Actiparc,France,Actiparc_GVA310_2319,,,2252,2319,Iron Age,50.31503,2.821797,female,Fages_et_al_2019,/home/ludo/inbox/BAMs/ancient/GVA310_CGG_1_019860_i56_AGGGGA_U.r.t.bam
DOM2,Actiparc_GVA311,horse,PRJEB31613,SAMEA5408146,,La Tène,Actiparc,France,Actiparc_GVA311_2253,,,2186,2253,Iron Age,50.31503,2.821797,male,Fages_et_al_2019,/home/ludo/inbox/BAMs/ancient/GVA311_CGG_1_019861.Horse_nuc_wY.realigned.r.t.m.5p2.3p3.bam
DOM2,Altata_NB31,horse,PRJEB31613,SAMEA5408147,,,Altata,Russia,Altata_NB31_Neolithic,,,,-,Neolithic,51.07,48.44,male,Fages_et_al_2019,/home/ludo/inbox/BAMs/ancient/NewBotai_31_CGG_1_017023.Horse_nuc_wY.realigned.r.t.s.m.5p3.3p2.bam
DOM2,ArzhanI_Arz3,horse,PRJEB31613,SAMEA5408149,,,Arzhan I,Russia,ArzhanI_Arz3_2767,2750,2650,2700,2717-2817,Iron Age,52.0588889,93.6038889,male,Fages_et_al_2019,/home/ludo/inbox/BAMs/ancient/Arz3_CGG_1_017089_i9_GATCAG_U.r.t.5p1.3p1.bam
DOM2,ArzhanI_I-K2_Arz1,horse,PRJEB19970,SAMEA5408150,,Scythian,Arzhan I,Russia,ArzhanI_I-K2_Arz1_2727,,,2660,2727,Iron Age,52.0588889,93.6038889,male,Librado_et_al_2017,/home/ludo/inbox/BAMs/ancient/I-K2_Arz1_CGG_1_017079.Horse_nuc_wY.realigned.r.t.t.bam
DOM2,ArzhanI_I-K3_Arz2,horse,PRJEB19970,SAMEA5408151,,Scythian,Arzhan I,Russia,ArzhanI_I-K3_Arz2_2727,,,2660,2727,Iron Age,52.0588889,93.6038889,male,Librado_et_al_2017,/home/ludo/inbox/BAMs/ancient/I-K3_Arz2_CGG_1_017088.Horse_nuc_wY.realigned.r.t.t.s.bam
DOM2,ArzhanII_Arz15,horse,PRJEB31613,SAMEA5408152,,Scythian,Arzhan II,Russia,ArzhanII_Arz15_2642,2600,2550,2575,2617-2667,Iron Age,52.0588889,93.6038889,male,Fages_et_al_2019,/home/ludo/inbox/BAMs/ancient/Arz15_CGG_1_017084_U_i4_TGACCA.r.t.3p1.bam
DOM2,ArzhanII_Arz17,horse,PRJEB31613,SAMEA5408148,,Scythian,Arzhan II,Russia,ArzhanII_Arz17_2642,2600,2550,2575,2617-2667,Iron Age,52.0588889,93.6038889,male,Fages_et_al_2019,/home/ludo/inbox/BAMs/ancient/Arz17_CGG_1_017086_U_i5_ACAGTG.r.t.3p1.bam
DOM2,ArzhanII_Rus11,horse,PRJEB31613,SAMEA103910522,,Scythian,Arzhan II,Russia,ArzhanII_Rus11_2500,,,2433,2500,Iron Age,52.0588889,93.6038889,male,Fages_et_al_2019,/home/ludo/inbox/BAMs/ancient/Rus11_CGG_1_019162_i08_U_ACTTGA.r.t.3p2.bam
DOM2,ArzhanII_Rus9,horse,PRJEB31613,SAMEA103910523,,Scythian,Arzhan II,Russia,ArzhanII_Rus9_2500,,,2433,2500,Iron Age,52.0588889,93.6038889,male,Fages_et_al_2019,/home/ludo/inbox/BAMs/ancient/Rus9_CGG_1_019160.Horse_nuc_wY.realigned.r.t.m.3p2.s.bam
DOM2,AugustaRaurica_JG160,horse,PRJEB31613,SAMEA5408154,,Roman,Augusta Raurica - Insula 8,Switzerland,AugustaRaurica_JG160_1817,1850,1650,1750,1717-1917,Roman period,47.5331782,7.7220154,male,Fages_et_al_2019,/home/ludo/inbox/BAMs/ancient/JG160_CGG_1_019246.Horse_nuc_wY.realigned.r.t.m.bam
DOM2,AugustaRauricaSchmidmatt_NBxK9279,horse,PRJEB31613,SAMEA5408155,,Roman,Augusta Raurica - Schmidmatt,Switzerland,AugustaRauricaSchmidmatt_NBxK9279_1717,1750,1550,1650,1617-1817,Roman period,47.536085,7.7220154,male,Fages_et_al_2019,/home/ludo/inbox/BAMs/ancient/NB_K9279_CGG_1_020505_i65_CGGCAC_U.r.t.5p2.3p2.bam
DOM2,AugustaRauricaSchmidmatt_NBxP9261,horse,PRJEB31613,SAMEA5408153,,Roman,Augusta Raurica - Schmidmatt,Switzerland,AugustaRauricaSchmidmatt_NBxP9261_1782,1820,1610,1715,1677-1887,Roman period,47.536085,7.721967,male,Fages_et_al_2019,/home/ludo/inbox/BAMs/ancient/NB_P9261_CGG_1_020506_i66_CTCGGT_U.r.t.5p1.3p2.bam
DOM2,Balagansk_Rus19,horse,PRJEB31613,SAMEA5408156,,,Balagansk,Russia,Balagansk_Rus19_2017,2150,1750,1950,1817-2217,Iron Age,47.66666667,8.85,male,Fages_et_al_2019,/home/ludo/inbox/BAMs/ancient/Rus19_CGG_1_019169_i3_TTAGGC_U.r.t.5p1.3p2.bam
DOM2,BapskaGradac_BAPSKA,horse,PRJEB31613,SAMEA5408157,,,Bapska Gradac,Croatia,BapskaGradac_BAPSKA_1305,,,1238,1305,Middle Ages,45.1973255,19.2624907,male,Fages_et_al_2019,/home/ludo/inbox/BAMs/ancient/BAPSKA_unregistered_i63_CAACTG_U.r.t.3p1.bam
DOM2,Bateni_Rus14,horse,PRJEB22390,SAMEA104233650,,karasuk,Bateni,Russia,Bateni_Rus14_3318,,,3251,3318,Bronze Age,54.6236111,90.945,male,Gaunitz_et_al_2018,/home/ludo/inbox/BAMs/ancient/Rus14_CGG_1_019164.Horse_nuc_wY.realigned.r.t.m.bam
DOM2,Bateni_Rus16,horse,PRJEB31613,SAMEA5408158,,Karasuk,Bateni,Russia,Bateni_Rus16_3350,,,3283,3350,Bronze Age,54.6236111,90.945,male,Fages_et_al_2019,/home/ludo/inbox/BAMs/ancient/Rus16_CGG_1_019166.Horse_nuc_wY.realigned.r.t.s.5p0.3p2.s.bam
DOM2,Beauvais_GVA122,horse,PRJEB31613,SAMEA5408159,,,"Beauvais, la Maladrerie Saint-Lazare",France,Beauvais_GVA122_417,450,250,350,317-517,Early Modern period,49.415371,2.101307,male,Fages_et_al_2019,/home/ludo/inbox/BAMs/ancient/GVA122_CGG_1_019380.Horse_nuc_wY.realigned.r.t.m.bam
DOM2,Beauvais_GVA375,horse,PRJEB31613,SAMEA5408160,,,"Beauvais, VIlliers-de-l'Isle Adam",France,Beauvais_GVA375_467,450,350,400,417-517,Early Modern period,49.415371,2.101307,male,Fages_et_al_2019,/home/ludo/inbox/BAMs/ancient/GVA375_CGG_1_019925.Horse_nuc_wY.realigned.r.t.m.bam
DOM2,Belgheis_TrBWBX116,horse,PRJEB31613,SAMEA5408161,,,Belgheis,Iran,Belgheis_TrBWBX116_485,,,418,485,Early Modern period,37.0424531,57.4715652,male,Fages_et_al_2019,/home/ludo/inbox/BAMs/ancient/Belgheis_TrBWBX116_CGG_1_019521.Horse_nuc_wY.realigned.r.t.m.bam
DOM2,Belkaragay_NB13,horse,PRJEB31613,SAMEA5408162,,,Belkaragay,Kazakhstan,Belkaragay_NB13_CopperAge,,,,-,Copper Age,51.52,62.55,male,Fages_et_al_2019,/home/ludo/inbox/BAMs/ancient/NewBotai_13_CGG_1_017005.Horse_nuc_wY.realigned.r.t.s.m.5p2.3p1.bam
DOM2,Belkaragay_NB15,horse,PRJEB31613,SAMEA5408163,,,Belkaragay,Kazakhstan,Belkaragay_NB15_CopperAge,,,,-,Copper Age,51.52,62.55,female,Fages_et_al_2019,/home/ludo/inbox/BAMs/ancient/NewBotai15_CGG_1_017007.Horse_nuc_wY.realigned.r.t.s.m.5p2.3p2.bam
DOM2,Berel_BER01_A,horse,PRJEB19970,SAMEA103910511,,Scythian,Berel',Kazakhstan,Berel_BER01_A_2300,,,2233,2300,Iron Age,49.3737353,86.4272922,male,Librado_et_al_2017,/home/ludo/inbox/BAMs/ancient/A_Ch40_CGG_1_016168.Horse_nuc_wY.realigned.r.t.bam
DOM2,Berel_BER02_B,horse,PRJEB19970,SAMEA103910512,,Scythian,Berel',Kazakhstan,Berel_BER02_B_2300,,,2233,2300,Iron Age,49.3737353,86.4272922,male,Librado_et_al_2017,/home/ludo/inbox/BAMs/ancient/B_Ch24_CGG_1_016169.Horse_nuc_wY.realigned.r.t.bam
DOM2,Berel_BER04_D,horse,PRJEB19970,SAMEA103910513,,Scythian,Berel',Kazakhstan,Berel_BER04_D_2300,,,2233,2300,Iron Age,49.3737353,86.4272922,male,Librado_et_al_2017,/home/ludo/inbox/BAMs/ancient/D_Ch47_CGG_1_016171.Horse_nuc_wY.realigned.r.t.bam
DOM2,Berel_BER05_E,horse,PRJEB19970,SAMEA103910514,,Scythian,Berel',Kazakhstan,Berel_BER05_E_2300,,,2233,2300,Iron Age,49.3737353,86.4272922,male,Librado_et_al_2017,/home/ludo/inbox/BAMs/ancient/E_Ch25_CGG_1_016172.Horse_nuc_wY.realigned.r.t.t.s.bam
DOM2,Berel_BER06_F,horse,PRJEB19970,SAMEA103910515,,Scythian,Berel',Kazakhstan,Berel_BER06_F_2300,,,2233,2300,Iron Age,49.3737353,86.4272922,male,Librado_et_al_2017,/home/ludo/inbox/BAMs/ancient/F_Ch26_CGG_1_016173.Horse_nuc_wY.realigned.r.t.bam
DOM2,Berel_BER07_G,horse,PRJEB19970,SAMEA103910516,,Scythian,Berel',Kazakhstan,Berel_BER07_G_2300,,,2233,2300,Iron Age,49.3737353,86.4272922,male,Librado_et_al_2017,/home/ludo/inbox/BAMs/ancient/G_Ch82_CGG_1_016174.Horse_nuc_wY.realigned.r.t.bam
DOM2,Berel_BER08_H,horse,PRJEB19970,SAMEA103910517,,Scythian,Berel',Kazakhstan,Berel_BER08_H_2300,,,2233,2300,Iron Age,49.3737353,86.4272922,male,Librado_et_al_2017,/home/ludo/inbox/BAMs/ancient/H_Ch78_CGG_1_016175.Horse_nuc_wY.realigned.r.t.t.bam
DOM2,Berel_BER09_I,horse,PRJEB19970,SAMEA103910518,,Scythian,Berel',Kazakhstan,Berel_BER09_I_2300,,,2233,2300,Iron Age,49.3737353,86.4272922,male,Librado_et_al_2017,/home/ludo/inbox/BAMs/ancient/I_Ch118_CGG_1_016176.Horse_nuc_wY.realigned.r.t.bam
DOM2,Berel_BER10_K,horse,PRJEB19970,SAMEA103910519,,Scythian,Berel',Kazakhstan,Berel_BER10_K_2300,,,2233,2300,Iron Age,49.3737353,86.4272922,male,Librado_et_al_2017,/home/ludo/inbox/BAMs/ancient/K_Ch137_CGG_1_016177.Horse_nuc_wY.realigned.r.t.bam
DOM2,Berel_BER11_L,horse,PRJEB19970,SAMEA103910520,,,Berel',Kazakhstan,Berel_BER11_L_2300,,,2233,2300,Iron Age,49.3737353,86.4272922,male,Librado_et_al_2017,/home/ludo/inbox/BAMs/ancient/L_Ch102_CGG_1_016178.Horse_nuc_wY.realigned.r.t.bam
DOM2,Berel_BER12_M,horse,PRJEB19970,SAMEA103910521,,Scythian,Berel',Kazakhstan,Berel_BER12_M_2300,,,2233,2300,Iron Age,49.3737353,86.4272922,male,Librado_et_al_2017,/home/ludo/inbox/BAMs/ancient/M_Ch112_CGG_1_016179.Horse_nuc_wY.realigned.r.t.bam
DOM2,Berufjordur_VHR102,horse,PRJEB31613,SAMEA5408164,,Viking,Berufjordur,Iceland,Berufjordur_VHR102_1057,1150,850,1000,917-1217,Middle Ages,65.53,-22.117,male,Fages_et_al_2019,/home/ludo/inbox/BAMs/ancient/VHR102_CGG_1_020961_i54_ACCATC_U.r.t.3p1.bam
DOM2,Boves_GVA191,horse,PRJEB31613,SAMEA5408174,,Gallo-roman,"Boves, chemin de Glisy",France,Boves_GVA191_1717,1750,1550,1650,1617-1817,Roman period,49.8534339,2.3969306,female,Fages_et_al_2019,/home/ludo/inbox/BAMs/ancient/GVA191_CGG_1_019765.Horse_nuc_wY.realigned.r.t.m.bam
DOM2,BozAdyr_KYRH10,horse,PRJEB31613,SAMEA5408175,,,Boz-Adyr,Kyrgyzstan,BozAdyr_KYRH10_1267,,,1150,1217,Middle Ages,39.9983333,71.0733333,male,Fages_et_al_2019,/home/ludo/inbox/BAMs/ancient/KYRH10_CGG_1_018031.Horse_nuc_wY.realigned.r.t.m.bam
DOM2,BozAdyr_KYRH8,horse,PRJEB31613,SAMEA5408176,,,Boz-Adyr,Kyrgyzstan,BozAdyr_KYRH8_1267,,,1150,1217,Middle Ages,39.9983333,71.0733333,male,Fages_et_al_2019,/home/ludo/inbox/BAMs/ancient/KYRH8_CGG_1_018029.Horse_nuc_wY.realigned.r.t.m.5p2.3p1.bam
DOM2,BroughOfDeerness_VHR010,horse,PRJEB31613,SAMEA5408177,,Pictish,Brough Of Deerness,United Kingdom,BroughOfDeerness_VHR010_1417,1450,1250,1350,1317-1517,Middle Ages,58.964099,-2.704933,female,Fages_et_al_2019,/home/ludo/inbox/BAMs/ancient/VHR010_CGG_1_020949_i74_GTGGGG_U.r.t.s.5p1.3p2.bam
DOM2,BroughOfDeerness_VHR011,horse,PRJEB31613,SAMEA5408178,,Pictish,Brough Of Deerness,United Kingdom,BroughOfDeerness_VHR011_1367,1350,1250,1300,1317-1417,Middle Ages,58.964099,-2.704933,male,Fages_et_al_2019,/home/ludo/inbox/BAMs/ancient/VHR011_CGG_1_020950_i76_TCAGCT_U.r.t.bam
DOM2,BroughOfDeerness_VHR037,horse,PRJEB31613,SAMEA5408179,,Pictish,BroughOfDeerness,United Kingdom,BroughOfDeerness_VHR037_1417,1450,1250,1350,1317-1517,Middle Ages,58.964099,-2.704933,male,Fages_et_al_2019,/home/ludo/inbox/BAMs/ancient/VHR037_CGG_1_020957_i60_ATTAAA_U.r.t.5p2.3p1.bam
DOM2,BroughOfDeerness_VHR062,horse,PRJEB31613,SAMEA5408180,,Pictish,BroughOfDeerness,United Kingdom,BroughOfDeerness_VHR062_1417,1450,1250,1350,1317-1517,Middle Ages,58.964099,-2.704933,female,Fages_et_al_2019,/home/ludo/inbox/BAMs/ancient/VHR062_CGG_1_020959_i75_TAGTAA_U.r.t.3p1.bam
DOM2,Bruszcewo_Bru4,horse,PRJEB31613,SAMEA5408181,,,Bruszcewo,Poland,Bruszcewo_Bru4_3917,4150,3550,3850,3617-4217,Bronze Age,52.007,16.562,male,Fages_et_al_2019,/home/ludo/inbox/BAMs/ancient/Bru4_CGG_1_018376.Horse_nuc_wY.realigned.r.t.s.m.bam
DOM2,CaminoDeLasYeseras_CdY2,horse,PRJEB31613,SAMEA5408182,,pre Bell-Beaker,"Camino de las Yeseras, Madrid",Spain,CaminoDeLasYeseras_CdY2_4678,4794,4429,4612,4496-4861,Copper Age,40.4421,-3.49408,male,Fages_et_al_2019,/home/ludo/inbox/BAMs/ancient/CdY2_CGG_1_018391.Horse_nuc_wY.realigned.r.t.m.bam
DOM2,Cantorella_UE2275x2,horse,PRJEB31613,SAMEA5408183,,,Cantorella,Spain,Cantorella_UE2275x2_4791,,,4724,4791,Copper Age,41.552778,1.039444,female,Fages_et_al_2019,/home/ludo/inbox/BAMs/ancient/UE2275x2_CGG_1_020989.Horse_nuc_wY.realigned.r.t.s.m.5p5.3p5.s.bam
DOM2,Capesterre_LIS2,horse,PRJEB31613,SAMEA5408184,,,Capesterre-Belle-Eau,Guadeloupe (France),Capesterre_LIS2_417,450,250,350,317-517,Early Modern period,16.049578,-61.569156,female,Fages_et_al_2019,/home/ludo/inbox/BAMs/ancient/LIS2_Tr19_i8_ACTTGA_U.r.t.5p1.bam
DOM2,Capote_Cap102,horse,PRJEB31613,SAMEA5408185,,,Capote,Spain,Capote_Cap102_2167,2150,2050,2100,2117-2217,Iron Age,38.0982811,-6.693194,female,Fages_et_al_2019,/home/ludo/inbox/BAMs/ancient/Cap102_CGG_1_016984.Horse_nuc_wY.realigned.r.t.s.m.bam
DOM2,Charregass_NBxRa849,horse,PRJEB31613,SAMEA5408186,,,Steim am Rhein Charregass,Switzerland,Charregass_NBxRa849_1667,1650,1550,1600,1617-1717,Roman period,47.65,8.85,male,Fages_et_al_2019,/home/ludo/inbox/BAMs/ancient/NB_Ra_8_49_CGG_1_020509_i69_GATGCA_U.r.t.5p1.3p2.bam
DOM2,Chartres_GVA1,horse,PRJEB31613,SAMEA5408187,,,"Chartres, boulevard de la Courtille",France,Chartres_GVA1_1917,,,1850,1917,Roman period,48.442396,1.494154,male,Fages_et_al_2019,/home/ludo/inbox/BAMs/ancient/GVA1_CGG_1_019259_i52_U_AAACAA.r.t.bam
DOM2,Chartres_GVA111,horse,PRJEB31613,SAMEA5408188,,Galllo-roman,"Chartres, boulevard de la Courtille",France,Chartres_GVA111_1917,,,1850,1917,Roman period,48.442396,1.494154,female,Fages_et_al_2019,/home/ludo/inbox/BAMs/ancient/GVA111_CGG_1_019369_i74_GTGGGG_U.r.t.5p2.3p1.bam
DOM2,Chartres_GVA112,horse,PRJEB31613,SAMEA5408189,,Galllo-roman,"Chartres, boulevard de la Courtille",France,Chartres_GVA112_1917,,,1850,1917,Roman period,48.442396,1.494154,male,Fages_et_al_2019,/home/ludo/inbox/BAMs/ancient/GVA112_CGG_1_019370_i11_GGCTAC_U.r.t.bam
DOM2,Chartres_GVA115,horse,PRJEB31613,SAMEA5408190,,Galllo-roman,"Chartres, boulevard de la Courtille",France,Chartres_GVA115_1917,,,1850,1917,Roman period,48.442396,1.494154,male,Fages_et_al_2019,/home/ludo/inbox/BAMs/ancient/GVA115_CGG_1_019373_i13_CTATCA_U.r.t.5p1.3p1.bam
DOM2,Chartres_GVA26,horse,PRJEB31613,SAMEA5408192,,Galllo-roman,"Chartres, boulevard de la Courtille",France,Chartres_GVA26_1917,,,1850,1917,Roman period,48.442396,1.494154,male,Fages_et_al_2019,/home/ludo/inbox/BAMs/ancient/GVA26_CGG_1_019284.Horse_nuc_wY.realigned.r.t.m.bam
DOM2,Chartres_GVA28,horse,PRJEB31613,SAMEA5408193,,Galllo-roman,"Chartres, boulevard de la Courtille",France,Chartres_GVA28_1917,,,1850,1917,Roman period,48.442396,1.494154,male,Fages_et_al_2019,/home/ludo/inbox/BAMs/ancient/GVA28_CGG_1_019286_i2_CGATGT_U.r.t.bam
DOM2,Chartres_GVA36,horse,PRJEB31613,SAMEA5408194,,Galllo-roman,"Chartres, boulevard de la Courtille",France,Chartres_GVA36_1917,,,1850,1917,Roman period,48.442396,1.494154,male,Fages_et_al_2019,/home/ludo/inbox/BAMs/ancient/GVA36_CGG_1_019294.Horse_nuc_wY.realigned.r.t.m.1.3p.1.5p.1.3p.bam
DOM2,Chartres_GVA4,horse,PRJEB31613,SAMEA5408196,,Galllo-roman,"Chartres, boulevard de la Courtille",France,Chartres_GVA4_1917,,,1850,1917,Roman period,48.442396,1.494154,male,Fages_et_al_2019,/home/ludo/inbox/BAMs/ancient/GVA4_CGG_1_019262.Horse_nuc_wY.realigned.r.t.m.5p2.3p1.bam
DOM2,Chartres_GVA43,horse,PRJEB31613,SAMEA5408197,,Galllo-roman,"Chartres, boulevard de la Courtille",France,Chartres_GVA43_1917,,,1850,1917,Roman period,48.442396,1.494154,female,Fages_et_al_2019,/home/ludo/inbox/BAMs/ancient/GVA43_CGG_1_019301.Horse_nuc_wY.realigned.r.t.m.5p2.3p1.s.bam
DOM2,Chartres_GVA47,horse,PRJEB31613,SAMEA5408198,,Galllo-roman,"Chartres, boulevard de la Courtille",France,Chartres_GVA47_1917,,,1850,1917,Roman period,48.442396,1.494154,male,Fages_et_al_2019,/home/ludo/inbox/BAMs/ancient/GVA47_CGG_1_019305_i56_U_AGGGGA.r.t.3p1.bam
DOM2,Chartres_GVA48,horse,PRJEB31613,SAMEA5408199,,Galllo-roman,"Chartres, boulevard de la Courtille",France,Chartres_GVA48_1917,,,1850,1917,Roman period,48.442396,1.494154,male,Fages_et_al_2019,/home/ludo/inbox/BAMs/ancient/GVA48_CGG_1_019306_i57_U_ATACCT.r.t.bam
DOM2,Chartres_GVA53,horse,PRJEB31613,SAMEA5408200,,Galllo-roman,"Chartres, boulevard de la Courtille",France,Chartres_GVA53_1917,,,1850,1917,Roman period,48.442396,1.494154,male,Fages_et_al_2019,/home/ludo/inbox/BAMs/ancient/GVA53_CGG_1_019311_i71_GCTAGC_U.r.t.5p1.bam
DOM2,Chartres_GVA56,horse,PRJEB31613,SAMEA5408201,,Galllo-roman,"Chartres, boulevard de la Courtille",France,Chartres_GVA56_1917,,,1850,1917,Roman period,48.442396,1.494154,male,Fages_et_al_2019,/home/ludo/inbox/BAMs/ancient/GVA56_CGG_1_019314.Horse_nuc_wY.realigned.r.t.m.bam
DOM2,Chartres_GVA60,horse,PRJEB31613,SAMEA5408202,,Galllo-roman,"Chartres, boulevard de la Courtille",France,Chartres_GVA60_1917,,,1850,1917,Roman period,48.442396,1.494154,male,Fages_et_al_2019,/home/ludo/inbox/BAMs/ancient/GVA60_CGG_1_019318_i72_GGGCCG_U.r.t.5p1.3p2.bam
DOM2,Chartres_GVA75,horse,PRJEB31613,SAMEA5408206,,Galllo-roman,"Chartres, boulevard de la Courtille",France,Chartres_GVA75_1917,,,1850,1917,Roman period,48.442396,1.494154,male,Fages_et_al_2019,/home/ludo/inbox/BAMs/ancient/GVA75_CGG_1_019333_i75_TAGTAA_U.r.t.5p1.bam
DOM2,Chartres_GVA81,horse,PRJEB31613,SAMEA5408208,,Galllo-roman,"Chartres, boulevard de la Courtille",France,Chartres_GVA81_1917,,,1850,1917,Roman period,48.442396,1.494154,female,Fages_et_al_2019,/home/ludo/inbox/BAMs/ancient/GVA81_CGG_1_019339.Horse_nuc_wY.realigned.r.t.m.5p2.bam
DOM2,Chartres_GVA9,horse,PRJEB31613,SAMEA5408209,,Galllo-roman,"Chartres, boulevard de la Courtille",France,Chartres_GVA9_1917,,,1850,1917,Roman period,48.442396,1.494154,male,Fages_et_al_2019,/home/ludo/inbox/BAMs/ancient/GVA9_CGG_1_019267_i5_ACAGTG_U.r.t.s.bam
DOM2,Dariali_Georgia2,horse,PRJEB31613,SAMEA5408211,,,"Dariali, Tamara Fort",Georgia,Dariali_Georgia2_317,550,-50,250,17-617,Early Modern period,42.74016371,44.62016419,female,Fages_et_al_2019,/home/ludo/inbox/BAMs/ancient/Georgia2_CGG_1_020266_i13_CTATCA_U.r.t.s.3p2.bam
DOM2,Derkul_NB2,horse,PRJEB31613,SAMEA5408212,,,Derkul,Russia,Derkul_NB2_Neolithic,,,,-,Neolithic,51.16,51.17,male,Fages_et_al_2019,/home/ludo/inbox/BAMs/ancient/NewBotai2_CGG_1_016994.Horse_nuc_wY.realigned.r.t.s.m.bam
DOM2,Derkul_NB4,horse,PRJEB31613,SAMEA5408213,,,Derkul,Russia,Derkul_NB4_Neolithic,,,,-,Neolithic,51.16,51.17,female,Fages_et_al_2019,/home/ludo/inbox/BAMs/ancient/NewBotai_4_CGG_1_016996.Horse_nuc_wY.realigned.r.t.m.bam
DOM2,Dunaujvaros_Duk2,horse,PRJEB22390,SAMEA104233676,,,Dunaújváros,Hungary,Dunaujvaros_Duk2_4077,,,4010,4077,Bronze Age,46.9619059,18.9355227,male,Gaunitz_et_al_2018,/home/ludo/inbox/BAMs/ancient/Duk2_CGG_1_018386.Horse_nuc_wY.realigned.r.t.m.bam
DOM2,ElAcequion_Spain38,horse,PRJEB31613,SAMEA5408214,,,El Acequión,Spain,ElAcequion_Spain38_4058,,,3991,4058,Bronze Age,39.024444,-2.028056,female,Fages_et_al_2019,/home/ludo/inbox/BAMs/ancient/Spain38_CGG_1_020484.Horse_nuc_wY.realigned.r.t.5p1.3p2.bam
DOM2,ElAcequion_Spain39,horse,PRJEB31613,SAMEA5408215,,,El Acequión,Spain,ElAcequion_Spain39_3993,,,3926,3993,Bronze Age,39.024444,-2.028056,male,Fages_et_al_2019,/home/ludo/inbox/BAMs/ancient/Spain39_CGG_1_020485.Horse_nuc_wY.realigned.r.t.5p1.s.bam
DOM2,ElsVilars_UE4618,horse,PRJEB31613,SAMEA5408216,,,Els Vilars,Spain,ElsVilars_UE4618_2672,,,2605,2672,Iron Age,41.57,0.95,female,Fages_et_al_2019,/home/ludo/inbox/BAMs/ancient/UE4618_CGG_1_020962.Horse_nuc_wY.realigned.r.t.s.m.t.bam
DOM2,Evreux_GVA133,horse,PRJEB31613,SAMEA5408219,,Gallo-roman,"Evreux, Clos-au-Duc",France,Evreux_GVA133_1817,1850,1650,1750,1717-1917,Roman period,49.0196385,1.1589729,male,Fages_et_al_2019,/home/ludo/inbox/BAMs/ancient/GVA133_CGG_1_019707.Horse_nuc_wY.realigned.r.t.m.1.3p.bam
DOM2,Evreux_GVA135,horse,PRJEB31613,SAMEA5408220,,Gallo-roman,"Evreux, Clos-au-Duc",France,Evreux_GVA135_1817,1850,1650,1750,1717-1917,Roman period,49.0196385,1.1589729,male,Fages_et_al_2019,/home/ludo/inbox/BAMs/ancient/GVA135_CGG_1_019709.Horse_nuc_wY.realigned.r.t.m.5p2.31p.bam
DOM2,Evreux_GVA140,horse,PRJEB31613,SAMEA5408221,,Gallo-roman,"Evreux, Clos-au-Duc",France,Evreux_GVA140_1817,1850,1650,1750,1717-1917,Roman period,49.0196385,1.1589729,male,Fages_et_al_2019,/home/ludo/inbox/BAMs/ancient/GVA140_CGG_1_019714.Horse_nuc_wY.realigned.r.t.m.1.3p.bam
DOM2,Fengtai_Fen4,horse,PRJEB31613,SAMEA5408222,,,Fengtai,China,Fengtai_Fen4_2820,,,2753,2820,Iron Age,36.8406667,101.9584722,male,Fages_et_al_2019,/home/ludo/inbox/BAMs/ancient/Fen4_CGG_1_018396.Horse_nuc_wY.realigned.r.t.s.5p2.3p2.bam
DOM2,Fmontauban_GVA126,horse,PRJEB22390,SAMEA104233677,,Gallo-roman,Fresnes-lès-Montauban,France,Fmontauban_GVA126_1872,,,1805,1872,Roman period,48.442396,1.494154,male,Gaunitz_et_al_2018,/home/ludo/inbox/BAMs/ancient/GVA126_CGG_1_019384.Horse_nuc_wY.realigned.r.t.m.bam
DOM2,FrankfurtHeddenheim_Fr1,horse,PRJEB31613,SAMEA5408223,,Roman,Frankfurt-Heddenheim,Germany,FrankfurtHeddernheim_Fr1_1863,,,1796,1863,Roman period,50.1612625,8.6424693,male,Fages_et_al_2019,/home/ludo/inbox/BAMs/ancient/Fr1_CGG_1_018151.Horse_nuc_wY.realigned.r.t.m.bam
DOM2,Garbovat_Gar3,horse,PRJEB22390,SAMEA104233678,,,Garbovat,Romania,Garbovat_Gar3_3574,,,3507,3574,Bronze Age,44.86699,22.0079387,male,Gaunitz_et_al_2018,/home/ludo/inbox/BAMs/ancient/Gar3_CGG_1_018389.Horse_nuc_wY.realigned.r.t.m.bam
DOM2,GolModII_Mon23,horse,PRJEB31613,SAMEA5408224,,Xiongnu,Gol Mod II,Mongolia,GolModII_Mon23_2007,,,1940,2007,Iron Age,48.01777778,101.3533333,female,Fages_et_al_2019,/home/ludo/inbox/BAMs/ancient/Mon23_CGG_1_018059.Horse_nuc_wY.realigned.r.t.m.1.3p.bam
DOM2,GolModII_Mon24,horse,PRJEB31613,SAMEA5408225,,Xiongnu,Gol Mod II,Mongolia,GolModII_Mon24_1993,,,1926,1993,Iron Age,48.01777778,101.3533333,female,Fages_et_al_2019,/home/ludo/inbox/BAMs/ancient/Mon24_CGG_1_018060.Horse_nuc_wY.realigned.r.t.m.1.3p.bam
DOM2,GolModII_Mon25,horse,PRJEB31613,SAMEA5408226,,Xiongnu,Gol Mod II,Mongolia,GolModII_Mon25_2011,,,1944,2011,Iron Age,48.01777778,101.3533333,female,Fages_et_al_2019,/home/ludo/inbox/BAMs/ancient/Mon25_CGG_1_018061.Horse_nuc_wY.realigned.r.t.m.1.3p.bam
DOM2,GolModII_Mon26,horse,PRJEB31613,SAMEA5408227,,Xiongnu,Gol Mod II,Mongolia,GolModII_Mon26_1999,1944,1921,1933,1988-2011,Iron Age,48.01777778,101.3533333,female,Fages_et_al_2019,/home/ludo/inbox/BAMs/ancient/Mon26_CGG_1_018062.Horse_nuc_wY.realigned.r.t.m.1.3p.bam
DOM2,GolModII_Mon27,horse,PRJEB31613,SAMEA5408228,,Xiongnu,Gol Mod II,Mongolia,GolModII_Mon27_2011,,,1944,2011,Iron Age,48.01777778,101.3533333,female,Fages_et_al_2019,/home/ludo/inbox/BAMs/ancient/Mon27_CGG_1_018063.Horse_nuc_wY.realigned.r.t.m.1.3p.bam
DOM2,GolModII_Mon28,horse,PRJEB22390,SAMEA104233679,,Xiongnu,Gol Mod II,Mongolia,GolModII_Mon28_1988,,,1921,1988,Iron Age,48.01777778,101.3533333,male,Gaunitz_et_al_2018,/home/ludo/inbox/BAMs/ancient/Mon28_CGG_1_018064.Horse_nuc_wY.realigned.r.t.m.bam
DOM2,Goyet_Vert293,horse,PRJEB31613,SAMEA5408229,,,Goyet,Belgium,Goyet_Vert293_UpperPalaeolithic,,,,-,Upper Palaeolithic,50.44667,5.00911,female,Fages_et_al_2019,/home/ludo/inbox/BAMs/ancient/Vert293_CGG_1_018522.Horse_nuc_wY.realigned.r.t.m.bam
DOM2,Goyet_Vert300,horse,PRJEB31613,SAMEA5408230,,,Goyet,Belgium,Goyet_Vert300_31750,,,31683,31750,Upper Palaeolithic,50.44667,5.00911,female,Fages_et_al_2019,/home/ludo/inbox/BAMs/ancient/Vert300_CGG_1_018529_i6_GCCAAT_U.r.t.3p1.bam
DOM2,Goyet_Vert304,horse,PRJEB31613,SAMEA5408231,,,Goyet,Belgium,Goyet_Vert304_UpperPalaeolithic,,,,-,Upper Palaeolithic,50.44667,5.00911,female,Fages_et_al_2019,/home/ludo/inbox/BAMs/ancient/Vert304_CGG_1_018533_i10_TAGCTT_U.r.t.5p1.3p2.bam
DOM2,Granastadir_VHR031,horse,PRJEB31613,SAMEA5408233,,Viking,Granastaðir,Iceland,Granastadir_VHR031_1067,1150,850,1000,917-1217,Middle Ages,65.268,-18.24,female,Fages_et_al_2019,/home/ludo/inbox/BAMs/ancient/VHR031_CGG_1_020955_i61_ATTCTC_U.r.t.3p1.bam
DOM2,Gregorevka4_PAVH2,horse,PRJEB22390,SAMEA104233680,,Gregorevka,Gregorevka 4,Kazakhstan,Gregorevka4_PAVH2_1192,,,1125,1192,Middle Ages,52.62909,76.738794,male,Gaunitz_et_al_2018,/home/ludo/inbox/BAMs/ancient/PAVH2_CGG_1_018154.Horse_nuc_wY.realigned.r.t.m.bam
DOM2,Halvai_KSH4,horse,PRJEB31613,SAMEA5408234,,,Halvai 5,Kazakhstan,Halvai_KSH4_4017,4150,3750,3950,3817-4217,Bronze Age,52.843,62.9029,female,Fages_et_al_2019,/home/ludo/inbox/BAMs/ancient/KSH4_CGG_1_017098.Horse_nuc_wY.realigned.r.t.m.5p1.3p1.bam
DOM2,Halvai_KSH5,horse,PRJEB31613,SAMEA5408235,,,Halvai 3,Kazakhstan,Halvai_KSH5_2542,2800,2150,2475,2217-2867,Iron Age,52.843,62.9029,male,Fages_et_al_2019,/home/ludo/inbox/BAMs/ancient/KSH5_CGG_1_017099_i54_ACCATC_U.r.t.s.3p2.bam
DOM2,Haunstetten,horse,PRJEB22390,SAMEA104233681,,Roman,Haunstetten,Germany,Haunstetten_1979,,,1912,1979,Roman period,48.3079118,10.8938381,male,Gaunitz_et_al_2018,/home/ludo/inbox/BAMs/ancient/Haunstetten_CGG_1_017139.Horse_nuc_wY.realigned.r.t.m.bam
DOM2,Khatuu_Kha2_t1,horse,PRJEB31613,SAMEA5408236,,Pazyryk,Khatuu 2,Mongolia,Khatuu_Kha2_t1_2312,,,2245,2312,Iron Age,48.583056,88.393528,male,Fages_et_al_2019,/home/ludo/inbox/BAMs/ancient/Kha2_t1_CGG_1_018909.Horse_nuc_wY.realigned.r.t.m.bam
DOM2,Khotont_UCIE2012x85,horse,PRJEB31613,SAMEA5408237,,Uyghur Empire,Khotont,Mongolia,Khotont_UCIE2012x85_1291,1339,1110,1225,1177-1406,Middle Ages,47.3056111,102.6464722,male,Fages_et_al_2019,/home/ludo/inbox/BAMs/ancient/UCIE2012_85_.Horse_nuc_wY.realigned.r.t.m.bam
DOM2,Kokorevo_Rus3,horse,PRJEB31613,SAMEA5408238,,,Kokorevo,Russia,Kokorevo_Rus3_14450,,,14383,14450,Upper Palaeolithic,53.933,90.933,male,Fages_et_al_2019,/home/ludo/inbox/BAMs/ancient/Rus3_CGG_1_019154_i32_ACGCAT_U.r.t.3p1.bam
DOM2,KoulianCave_MV178,horse,PRJEB31613,SAMEA5408242,,,Kulian Cave,Iran,KulianCave_MV178_1694,,,1627,1694,Sasanian period,34.730428,46.671981,female,Fages_et_al_2019,/home/ludo/inbox/BAMs/ancient/MV178_CGG_1_020446.Horse_nuc_wY.realigned.r.t.m.bam
DOM2,KrasnayaGorka_Rus48,horse,PRJEB31613,SAMEA5408239,,,Krasnaya Gorka,Russia,KrasnayaGorka_Rus48_1446,,,1379,1446,Middle Ages,51.53869,94.00885,male,Fages_et_al_2019,/home/ludo/inbox/BAMs/ancient/Rus48_CGG_1_019195_i77_TCCCGG_U.r.t.5p1.3p2.bam
DOM2,Krasnokamenka_NB10,horse,PRJEB31613,SAMEA5408240,,,Krasnokamenka,Russia,Krasnokamenka_NB10_4500,4933,3933,4433,4000-5000,Copper Age,54.35,60.15,male,Fages_et_al_2019,/home/ludo/inbox/BAMs/ancient/NewBotai10.Horse_nuc_wY.realigned.r.t.s.m.bam
DOM2,Krasnokamenka_NB9,horse,PRJEB31613,SAMEA5408241,,,Krasnokamenka,Russia,Krasnokamenka_NB9_4500,4933,3933,4433,4000-5000,Copper Age,54.35,60.15,female,Fages_et_al_2019,/home/ludo/inbox/BAMs/ancient/NewBotai_9_CGG_1_017001.Horse_nuc_wY.realigned.r.t.s.m.bam
DOM2,LebyazhinkaIV_NB35,horse,PRJEB31613,SAMEA5408243,,,Lebyazhinka IV,Russia,LebyazhinkaIV_NB35_Neolithic,,,,-,Neolithic,53.43,50.4,male,Fages_et_al_2019,/home/ludo/inbox/BAMs/ancient/NewBotai35_CGG_1_017027.Horse_nuc_wY.realigned.r.t.m.2.5p.s.bam
DOM2,LongueilAnnel_GVA129,horse,PRJEB31613,SAMEA5408244,,,Longueil-Annel,France,LongueilAnnel_GVA129_267,250,150,200,217-317,Early Modern period,49.469035,2.86053,male,Fages_et_al_2019,/home/ludo/inbox/BAMs/ancient/GVA129_CGG_1_019387_i16_GTGTAT_U.r.t.3p1.bam
DOM2,Macon_GVA201,horse,PRJEB31613,SAMEA5408245,,Gallo-roman,"Macon, rue Rambuteau",France,Macon_GVA201_1767,1750,1650,1700,1717-1817,Roman period,46.307532,4.823474,male,Fages_et_al_2019,/home/ludo/inbox/BAMs/ancient/GVA201_CGG_1_019775.Horse_nuc_wY.realigned.r.t.m.bam
DOM2,Mainz_Mzr1,horse,PRJEB31613,SAMEA5408246,,,Mainz,Germany,Mainz_Mzr1_1373,,,1306,1373,Middle Ages,49.99,8.26,male,Fages_et_al_2019,/home/ludo/inbox/BAMs/ancient/Mzr1_CGG_1_018150.Horse_nuc_wY.realigned.r.t.m.bam
DOM2,Marvele_1,horse,PRJEB31613,SAMEA5408247,,Aukstaiciai,Marvelė cemetery,Lithuania,Marvele_01_1138,1122,1020,1071,1087-1189,Middle Ages,54.89674,23.87248,male,Fages_et_al_2019,/home/ludo/inbox/BAMs/ancient/Marvele01_CGG_1_019388.Horse_nuc_wY.realigned.r.t.m.bam
DOM2,Marvele_16,horse,PRJEB31613,SAMEA5408250,,Aukstaiciai,Marvelė cemetery,Lithuania,Marvele_16_1138,1122,1020,1071,1087-1189,Middle Ages,54.89674,23.87248,male,Fages_et_al_2019,/home/ludo/inbox/BAMs/ancient/Marvele16_CGG_1_019403_i28_TCTCGC_U.r.t.5p2.bam
DOM2,Marvele_18,horse,PRJEB31613,SAMEA5408251,,Aukstaiciai,Marvelė cemetery,Lithuania,Marvele_18_1189,,,1122,1189,Middle Ages,54.89674,23.87248,male,Fages_et_al_2019,/home/ludo/inbox/BAMs/ancient/Marvele18_CGG_1_019405.Horse_nuc_wY.realigned.r.t.m.1.3p.bam
DOM2,Marvele_2,horse,PRJEB31613,SAMEA5408248,,Aukstaiciai,Marvelė cemetery,Lithuania,Marvele_02_1138,1122,1020,1071,1087-1189,Middle Ages,54.89674,23.87248,male,Fages_et_al_2019,/home/ludo/inbox/BAMs/ancient/Marvele02_CGG_1_019389_i13_CTATCA_U.r.t.3p2.bam
DOM2,Marvele_21,horse,PRJEB31613,SAMEA5408252,,Aukstaiciai,Marvelė cemetery,Lithuania,Marvele_21_1087,,,1020,1087,Middle Ages,54.89674,23.87248,male,Fages_et_al_2019,/home/ludo/inbox/BAMs/ancient/Marvele21_CGG_1_019408.Horse_nuc_wY.realigned.r.t.m.5p2.3p1.bam
DOM2,Marvele_22,horse,PRJEB31613,SAMEA5408253,,Aukstaiciai,Marvelė cemetery,Lithuania,Marvele_22_1138,1122,1020,1071,1087-1189,Middle Ages,54.89674,23.87248,male,Fages_et_al_2019,/home/ludo/inbox/BAMs/ancient/Marvele22_CGG_1_019409_i46_CACGAA_U.r.t.bam
DOM2,Marvele_27,horse,PRJEB31613,SAMEA5408254,,Aukstaiciai,Marvelė cemetery,Lithuania,Marvele_27_1138,1122,1020,1071,1087-1189,Middle Ages,54.89674,23.87248,male,Fages_et_al_2019,/home/ludo/inbox/BAMs/ancient/Marvele27_CGG_1_019414_i47_CATAGA_U.r.t.bam
DOM2,Marvele_32,horse,PRJEB31613,SAMEA5408255,,Aukstaiciai,Marvelė cemetery,Lithuania,Marvele_32_1144,,,1077,1144,Middle Ages,54.89674,23.87248,male,Fages_et_al_2019,/home/ludo/inbox/BAMs/ancient/Marvele32_CGG_1_019419.Horse_nuc_wY.realigned.r.t.m.bam
DOM2,Marvele_5,horse,PRJEB31613,SAMEA5408249,,Aukstaiciai,Marvelė cemetery,Lithuania,Marvele_05_1138,1122,1020,1071,1087-1189,Middle Ages,54.89674,23.87248,male,Fages_et_al_2019,/home/ludo/inbox/BAMs/ancient/Marvele05_CGG_1_019392_i21_ACATAC_U.r.t.3p2.bam
DOM2,MerzlyYar_Rus45,horse,PRJEB31613,SAMEA5408256,,wild pre-domestication,Merzly Yar,Russia,MerzlyYar_Rus45_23789,,,23722,23789,Upper Palaeolithic,53.36333333,95.36277778,male,Fages_et_al_2019,/home/ludo/inbox/BAMs/ancient/Rus45_CGG_1_019192.Horse_nuc_wY.realigned.r.t.m.5p1.3p2.bam
DOM2,Metz_GVA321,horse,PRJEB31613,SAMEA5408257,,,"Metz, Place de la République",France,Metz_GVA321_492,450,400,425,467-517,Early Modern period,49.115293,6.172751,male,Fages_et_al_2019,/home/ludo/inbox/BAMs/ancient/GVA321_CGG_1_019871_i01_U_ATCACG.r.t.3p1.bam
DOM2,Miciurin_Mic2,horse,PRJEB31613,SAMEA5408258,,,Miciurin,Moldova,Miciurin_Mic2_3267,3450,2950,3200,3017-3517,Bronze Age,47.986875,27.790131,male,Fages_et_al_2019,/home/ludo/inbox/BAMs/ancient/Mic2_CGG_1_018388_Enriched_i32_ACGCAT_U.r.t.s.bam
DOM2,Museum_Earb5,horse,PRJEB31613,SAMEA5408259,,,museum specimen,N/A,Museum_Earb5_105,,,38,105,20th century,N/A,N/A,male,Fages_et_al_2019,/home/ludo/inbox/BAMs/ancient/Earb5_CGG_1_018497_i80_TTTTGG_U.r.t.3p1.bam
DOM2,Museum_Earb6,horse,PRJEB31613,SAMEA5408260,,,museum specimen,N/A,Museum_Earb6_89,,,22,89,20th century,N/A,N/A,male,Fages_et_al_2019,/home/ludo/inbox/BAMs/ancient/Earb6_CGG_1_018495.Horse_nuc_wY.realigned.r.t.s.m.3p1.bam
DOM2,Noyon_GVA123,horse,PRJEB31613,SAMEA5408261,,,Noyon - Orroire,France,Noyon_GVA123_717,750,550,650,617-817,Middle Ages,49.571363,3.017742,female,Fages_et_al_2019,/home/ludo/inbox/BAMs/ancient/GVA123_CGG_1_019381.Horse_nuc_wY.realigned.r.t.m.bam
DOM2,Nustar_4,horse,PRJEB31613,SAMEA5408262,,,Nuštar,Croatia,Nustar_4_1187,,,1120,1187,Middle Ages,45.3325281,18.8414917,male,Fages_et_al_2019,/home/ludo/inbox/BAMs/ancient/NUSTAR4_CGG_1_020438_i60_ATTAAA_U.r.t.5p2.bam
DOM2,Nustar_5,horse,PRJEB31613,SAMEA5408263,,,Nuštar,Croatia,Nustar_5_1187,,,1120,1187,Middle Ages,45.3325281,18.8414917,male,Fages_et_al_2019,/home/ludo/inbox/BAMs/ancient/NUSTAR5_.Horse_nuc_wY.realigned.r.t.m.bam
DOM2,Oktyabrsky_Rus37,horse,PRJEB31613,SAMEA5408264,,Sarmat,Oktyabrsky,Russia,Oktyabrsky_Rus37_830,,,763,830,Middle Ages,47.9666667,43.6436111,male,Fages_et_al_2019,/home/ludo/inbox/BAMs/ancient/Rus37_CGG_1_019185.Horse_nuc_wY.realigned.r.t.m.bam
DOM2,Oktyabrsky_Rus38,horse,PRJEB31613,SAMEA5408265,,,Oktyabrsky,Russia,Oktyabrsky_Rus38_659,,,592,659,Middle Ages,47.9666667,43.6436111,male,Fages_et_al_2019,/home/ludo/inbox/BAMs/ancient/Rus38_CGG_1_019186.Horse_nuc_wY.realigned.r.t.s.5p1.3p2.s.bam
DOM2,OlonKurinGol_OKG1,horse,PRJEB31613,SAMEA5408266,,,Olon Kurin Gol,Mongolia,OlonKurinGol_OKG1_2367,2350,2250,2300,2317-2417,Iron Age,49.32875,88.3488611,male,Fages_et_al_2019,/home/ludo/inbox/BAMs/ancient/OKG1_CGG_1_018397.Horse_nuc_wY.realigned.r.t.bam
DOM2,OlonKurinGol_OKG2,horse,PRJEB31613,SAMEA5408267,,,Olon Kurin Gol,Mongolia,OlonKurinGol_OKG2_2367,2350,2250,2300,2317-2417,Iron Age,49.32875,88.3488611,male,Fages_et_al_2019,/home/ludo/inbox/BAMs/ancient/OKG2_CGG_1_018398.Horse_nuc_wY.realigned.r.t.m.3p2.bam
DOM2,Otepaa_Ote2,horse,PRJEB31613,SAMEA5408268,,,Otepää,Estonia,Otepaa_Ote2_1184,,,1117,1184,Middle Ages,58.058048,26.4947523,male,Fages_et_al_2019,/home/ludo/inbox/BAMs/ancient/Ote2_CGG_1_018473.Horse_nuc_wY.realigned.r.t.m.1.3p.s.bam
DOM2,Otok_OTOK16,horse,PRJEB31613,SAMEA5408269,,,Otok,Kazakhstan,Otok_OTOK16_1308,,,1241,1308,Middle Ages,45.1464084,18.8838649,female,Fages_et_al_2019,/home/ludo/inbox/BAMs/ancient/OTOK16_unregistered_i62_CAAAAT_U.r.t.bam
DOM2,PotapovkaI_1,horse,PRJEB31613,SAMEA5408270,,,Potapovka I,Russia,PotapovkaI_1_3900,3975,3690,3833,3757-4042,Bronze Age,53.662987,50.671471,female,Fages_et_al_2019,/home/ludo/inbox/BAMs/ancient/DaAn01_CGG_1_018337_i28_TCTCGC_U.r.t.3p1.bam
DOM2,Quoygrew_VHR017,horse,PRJEB31613,SAMEA5408271,,Viking,Quoygrew,United Kingdom,Quoygrew_VHR017_1117,1150,950,1050,1017-1217,Middle Ages,59.337156,-2.97,male,Fages_et_al_2019,/home/ludo/inbox/BAMs/ancient/VHR017_CGG_1_020952_i62_CAAAAT_U.r.t.s.3p1.bam
DOM2,Ridala_Rid1,horse,PRJEB22390,SAMEA104233682,,,Ridala,Estonia,Ridala_Rid1_2717,2750,2550,2650,2617-2817,Bronze Age,58.4551999,23.0325999,male,Gaunitz_et_al_2018,/home/ludo/inbox/BAMs/ancient/Rid1_CGG_1_018468.Horse_nuc_wY.realigned.r.t.s.m.3p1.bam
DOM2,Ridala_Rid2,horse,PRJEB31613,SAMEA5408272,,,Ridala,Estonia,Ridala_Rid2_2717,2750,2550,2650,2617-2817,Bronze Age,58.4551999,23.0325999,male,Fages_et_al_2019,/home/ludo/inbox/BAMs/ancient/Rid2_CGG_1_018469.Horse_nuc_wY.realigned.r.t.m.5p2.3p2.bam
DOM2,Saadjarve_Saa1,horse,PRJEB31613,SAMEA5408273,,,Saadjärve,Estonia,Saadjarve_Saa1_1117,,,950,1017,Middle Ages,58.5431999,26.6781,male,Fages_et_al_2019,/home/ludo/inbox/BAMs/ancient/Saa1_CGG_1_018474.Horse_nuc_wY.realigned.r.t.m.bam
DOM2,Sagzabad_SAGS27,horse,PRJEB31613,SAMEA5408274,,,Sagzabad,Iran,Sagzabad_SAGS27_3117,,,3050,3117,Iron Age,35.773056,49.937778,male,Fages_et_al_2019,/home/ludo/inbox/BAMs/ancient/SAG_S27_CGG_1_019559.Horse_nuc_wY.realigned.r.t.m.5p2.3p2.bam
DOM2,SaintJust_GVA242,horse,PRJEB31613,SAMEA5408279,,La Tène,Saint-Just-en-Chaussée,France,SaintJust_GVA242_2250,,,2183,2250,Iron Age,49.505432,2.435059,male,Fages_et_al_2019,/home/ludo/inbox/BAMs/ancient/GVA242_CGG_1_019816.Horse_nuc_wY.realigned.r.t.m.bam
DOM2,SaintQuentin_GVA237,horse,PRJEB31613,SAMEA5408280,,Gallo-Roman,Saint-Quentin,France,SaintQuentin_GVA237_1917,1950,1750,1850,1817-2017,Roman period,49.847998,3.290399,male,Fages_et_al_2019,/home/ludo/inbox/BAMs/ancient/GVA237_CGG_1_019877_i55_AGATCG_U.r.t.3p1.bam
DOM2,Santarem_254,horse,PRJEB31613,SAMEA5408282,,,Alcáçova de Santarém,Portugal,Santarem_254_1017,1150,750,950,817-1217,Middle Ages,39.241,-8.692,female,Fages_et_al_2019,/home/ludo/inbox/BAMs/ancient/Iberia254_CGG_1_020032_i69_GATGCA_U.r.t.5p2.3p3.bam
DOM2,Sayangorsk_Rus41,horse,PRJEB31613,SAMEA5408283,,Tagar,Sayangorsk,Russia,Sayangorsk_Rus41_2677,,,2610,2677,Iron Age,53.0966188,91.4164518,female,Fages_et_al_2019,/home/ludo/inbox/BAMs/ancient/Rus41_CGG_1_019189.Horse_nuc_wY.realigned.r.t.m.5p2.3p1.bam
DOM2,Schloßvippach_Svi6,horse,PRJEB31613,SAMEA5408284,,,Schloßvippach,Germany,Schlossvippach_Svi6_3917,4150,3550,3850,3617-4217,Bronze Age,51.104,11.145,male,Fages_et_al_2019,/home/ludo/inbox/BAMs/ancient/Svi6_CGG_1_018375.Horse_nuc_wY.realigned.r.t.m.5p2.3p2.bam
DOM2,Sebastovce_131,horse,PRJEB31613,SAMEA5408285,,,Šebastovce,Slovakia,Sebastovce_131_1317,1350,1150,1250,1217-1417,Middle Ages,48.655,21.268,male,Fages_et_al_2019,/home/ludo/inbox/BAMs/ancient/Seb131_CGG_1_018487_i1_ATCACG_U.r.t.5p2.3p1.bam
DOM2,SharIQumis_AM115,horse,PRJEB31613,SAMEA5408286,,Sasanian,Shar-I-Qumis,Iran,SharIQumis_AM115_1557,,,1490,1557,Sasanian period,35.961667,54.0375,male,Fages_et_al_2019,/home/ludo/inbox/BAMs/ancient/AM115_CGG_1_018579.Horse_nuc_wY.realigned.r.t.m.bam
DOM2,SharIQumis_AM181,horse,PRJEB22390,SAMEA104233683,,Sasanian,Shar-I-Qumis,Iran,SharIQumis_AM181_1694,,,1627,1694,Sasanian period,35.961667,54.0375,male ,Gaunitz_et_al_2018,/home/ludo/inbox/BAMs/ancient/AM181_CGG_1_018580.Horse_nuc_wY.realigned.r.t.m.bam
DOM2,Sintashta_NB44,horse,PRJEB31613,SAMEA5408287,,,Sintashta,Russia,Sintashta_NB44_3577,3537,3483,3510,3550-3604,Bronze Age,55.1644419,61.4368431,male,Fages_et_al_2019,/home/ludo/inbox/BAMs/ancient/NewBotai44_CGG_1_017036.Horse_nuc_wY.realigned.r.t.s.m.5p2.3p2.bam
DOM2,Sintashta_NB45,horse,PRJEB31613,SAMEA5408288,,,Sintashta,Russia,Sintashta_NB45_3577,3537,3483,3510,3550-3604,Bronze Age,55.1644419,61.4368431,male,Fages_et_al_2019,/home/ludo/inbox/BAMs/ancient/NewBotai45_CGG_1_017037.Horse_nuc_wY.realigned.r.t.s.m.5p2.3p1.bam
DOM2,Sintashta_NB46,horse,PRJEB19970,SAMEA3514287,,Sintashta,Sintashta,Russia,Sintashta_NB46_4023,,,3956,4023,Bronze Age,55.1644419,61.4368431,female,Librado_et_al_2017,/home/ludo/inbox/BAMs/ancient/NewBotai46_CGG_1_017038.Horse_nuc_wY.realigned.r.t.m.bam
DOM2,SolothurnVigier_NB175,horse,PRJEB31613,SAMEA5408289,,,Solothurn-Vigier,Switzerland,SolothurnVigier_NB175_1817,1850,1650,1750,1717-1917,Roman period,47.2333,7.5167,male,Fages_et_al_2019,/home/ludo/inbox/BAMs/ancient/NB_175_CGG_1_020499_i26_TGTGAC_U.r.t.5p1.3p2.bam
DOM2,SolothurnVigier_NB63,horse,PRJEB31613,SAMEA5408290,,,Solothurn-Vigier,Switzerland,SolothurnVigier_NB63_1867,1950,1650,1800,1717-2017,Roman period,47.2333,7.5167,female,Fages_et_al_2019,/home/ludo/inbox/BAMs/ancient/NB_63_CGG_1_020512_i72_GGGCCG_U.r.t.5p1.3p2.bam
DOM2,Syrgal_Syr1t1c3,horse,PRJEB22390,SAMEA104233684,,Scythian,Syrgal 1,Mongolia,Syrgal_Syr1t1c3_2317,,,2250,2317,Iron Age,48.583056,88.393528,male,Gaunitz_et_al_2018,/home/ludo/inbox/BAMs/ancient/Syr1_t1_c3_CGG_1_018919.Horse_nuc_wY.realigned.r.t.m.bam
DOM2,Syrgal_Syr1t1c4,horse,PRJEB31613,SAMEA5408292,,Scythian,Syrgal 1,Mongolia,Syrgal_Syr1t1c4_2317,2350,2150,2250,2217-2417,Iron Age,48.583056,88.393528,male,Fages_et_al_2019,/home/ludo/inbox/BAMs/ancient/Syr1_t1_c4_CGG_1_018920_i52_AAACAA_U.r.t.5p4.3p4.bam
DOM2,TachtiPerda_TP4,horse,PRJEB22390,SAMEA104233685,,,Tachti Perda,Georgia,TachtiPerda_TP4_3604,,,3537,3604,Bronze Age,41.466667,46.016667,male,Gaunitz_et_al_2018,/home/ludo/inbox/BAMs/ancient/TP4_CGG_1_018394.Horse_nuc_wY.realigned.r.t.m.3p1.bam
DOM2,TavanTolgoi_GEP13,horse,PRJEB31613,SAMEA5408293,,Great Mongolian empire,Tavan Tolgoi,Mongolia,TavanTolgoi_GEP13_730,744,582,663,649-811,Middle Ages,45.0997222,112.7196944,male,Fages_et_al_2019,/home/ludo/inbox/BAMs/ancient/GEP13_CGG_1_018049.Horse_nuc_wY.realigned.r.t.m.bam
DOM2,TavanTolgoi_GEP14,horse,PRJEB31613,SAMEA5408294,,Great Mongolian empire,Tavan Tolgoi,Mongolia,TavanTolgoi_GEP14_730,744,582,663,649-811,Middle Ages,45.0997222,112.7196944,male,Fages_et_al_2019,/home/ludo/inbox/BAMs/ancient/GEP14_CGG_1_018050.Horse_nuc_wY.realigned.r.t.m.bam
DOM2,TavanTolgoi_GEP21,horse,PRJEB31613,SAMEA5408295,,Great Mongolian empire,Tavan Tolgoi,Mongolia,TavanTolgoi_GEP21_730,744,582,663,649-811,Middle Ages,45.0997222,112.7196944,male,Fages_et_al_2019,/home/ludo/inbox/BAMs/ancient/GEP21.Horse_nuc_wY.realigned.r.t.m.bam
DOM2,TepeHasanlu_1140,horse,PRJEB31613,SAMEA5408296,,,Tepe Hasanlu,Iran,TepeHasanlu_1140_2682,,,2615,2682,Iron Age,37.004486,45.458817,female,Fages_et_al_2019,/home/ludo/inbox/BAMs/ancient/Hasanlu1140_CGG_1_019998_i4_TGACCA_U.r.t.5p2.3p2.bam
DOM2,TepeHasanlu_2327,horse,PRJEB31613,SAMEA5408297,,,Tepe Hasanlu,Iran,TepeHasanlu_2327_2352,2350,2220,2285,2417-2287,Iron Age,37.004486,45.458817,male,Fages_et_al_2019,/home/ludo/inbox/BAMs/ancient/Hasanlu2327_CGG_1_019995_i56_AGGGGA_U.r.t.5p2.3p1.bam
DOM2,TepeHasanlu_2405,horse,PRJEB31613,SAMEA104233686,,,Tepe Hasanlu,Iran,TepeHasanlu_2405_2886,,,2819,2886,Iron Age,37.004486,45.458817,male,Fages_et_al_2019,/home/ludo/inbox/BAMs/ancient/Hasanlu2405_CGG_1_019992.Horse_nuc_wY.realigned.r.t.m.bam
DOM2,TepeHasanlu_2529,horse,PRJEB31613,SAMEA5408298,,,Tepe Hasanlu,Iran,TepeHasanlu_2529_2352,2350,2220,2285,2417-2287,Iron Age,37.004486,45.458817,female,Fages_et_al_2019,/home/ludo/inbox/BAMs/ancient/Hasanlu2529_CGG_1_019988_i57_ATACCT_U.r.t.3p1.bam
DOM2,TepeHasanlu_2689,horse,PRJEB31613,SAMEA5408299,,,Tepe Hasanlu,Iran,TepeHasanlu_2689_2352,2350,2220,2285,2417-2287,Iron Age,37.004486,45.458817,female,Fages_et_al_2019,/home/ludo/inbox/BAMs/ancient/Hasanlu2689_CGG_1_019996_i58_ATGAGC_U.r.t.5p1.3p2.bam
DOM2,TepeHasanlu_3394,horse,PRJEB31613,SAMEA5408300,,,Tepe Hasanlu,Iran,TepeHasanlu_3394_2808,,,2741,2808,Iron Age,37.004486,45.458817,male,Fages_et_al_2019,/home/ludo/inbox/BAMs/ancient/Hasanlu3394_CGG_1_019997_i69_GATGCA_U.r.t.3p1.bam
DOM2,TepeHasanlu_3398,horse,PRJEB31613,SAMEA5408301,,,Tepe Hasanlu,Iran,TepeHasanlu_3398_2352,2350,2220,2285,2417-2287,Iron Age,37.004486,45.458817,female,Fages_et_al_2019,/home/ludo/inbox/BAMs/ancient/Hasanlu3398_CGG_1_019986_i47_CATAGA_U.r.t.5p2.3p2.bam
DOM2,TepeHasanlu_3461,horse,PRJEB31613,SAMEA5408303,,,Tepe Hasanlu,Iran,TepeHasanlu_3461_2930,,,2863,2930,Iron Age,37.004486,45.458817,female,Fages_et_al_2019,/home/ludo/inbox/BAMs/ancient/Hasanlu3461_CGG_1_020003_i37_ACTGCC_U.r.t.5p1.3p1.bam
DOM2,TepeHasanlu_368,horse,PRJEB31613,SAMEA5408304,,,Tepe Hasanlu,Iran,TepeHasanlu_368_2896,,,2829,2896,Iron Age,37.004486,45.458817,male,Fages_et_al_2019,/home/ludo/inbox/BAMs/ancient/Hasanlu368_CGG_1_019994_i52_AAACAA_U.r.5p2.3p1.bam
DOM2,Tumeski_CGG101397,horse,PRJNA225855,SAMN02383958,,Yakutian,Tumeski,Russia,Tumeski_CGG101397_192,,,125,192,Modern period,66.93333333,131.9166667,male ,Der_Sarkissian_et_al_2014,/home/ludo/inbox/BAMs/ancient/ARUS_0222A_CGG101397.Horse_nuc_wY.realigned.r.t.m.bam
DOM2,Uppsala_Upps02,horse,PRJEB31613,SAMEA5408306,,,Uppsala,Sweden,Uppsala_Upps02_1317,1350,1150,1250,1217-1417,Middle Ages,59.861,17.639,male,Fages_et_al_2019,/home/ludo/inbox/BAMs/ancient/Upps02_CGG_1_018490.Horse_nuc_wY.realigned.r.t.s.m.5p2.3p2.bam
DOM2,UushgiinUvur_Mon37,horse,PRJEB31613,SAMEA5408307,,Deer Stone,Uushgiin Uvur,Mongolia,UushgiinUvur_Mon37_3085,3063,2972,3018,3039-3130,Bronze Age,49.6561667,99.9122056,male,Fages_et_al_2019,/home/ludo/inbox/BAMs/ancient/Mon37_CGG_1_018073.Horse_nuc_wY.realigned.r.t.m.bam
DOM2,UushgiinUvur_Mon39,horse,PRJEB31613,SAMEA5408308,,Deer Stone,Uushgiin Uvur,Mongolia,UushgiinUvur_Mon39_3085,3063,2972,3018,3039-3130,Bronze Age,49.6561667,99.9122056,female,Fages_et_al_2019,/home/ludo/inbox/BAMs/ancient/Mon39.Horse_nuc_wY.realigned.r.t.m.1.3p.bam
DOM2,UushgiinUvur_Mon40,horse,PRJEB31613,SAMEA5408309,,Deer Stone,Uushgiin Uvur,Mongolia,UushgiinUvur_Mon40_3085,3063,2972,3018,3039-3130,Bronze Age,49.6561667,99.9122056,male,Fages_et_al_2019,/home/ludo/inbox/BAMs/ancient/Mon40_CGG_1_018076.Horse_nuc_wY.realigned.r.t.s.m.3p1.bam
DOM2,UushgiinUvur_Mon41,horse,PRJEB31613,SAMEA5408310,,Deer Stone,Uushgiin Uvur,Mongolia,UushgiinUvur_Mon41_3085,3063,2972,3018,3039-3130,Bronze Age,49.6561667,99.9122056,male,Fages_et_al_2019,/home/ludo/inbox/BAMs/ancient/Mon41_CGG_1_018077.Horse_nuc_wY.realigned.r.t.m.bam
DOM2,UushgiinUvur_Mon42,horse,PRJEB31613,SAMEA5408311,,Deer Stone,Uushgiin Uvur,Mongolia,UushgiinUvur_Mon42_3130,,,3063,3130,Bronze Age,49.6561667,99.9122056,female,Fages_et_al_2019,/home/ludo/inbox/BAMs/ancient/Mon42_CGG_1_018078.Horse_nuc_wY.realigned.r.t.m.5p2.3p1.bam
DOM2,UushgiinUvur_Mon43,horse,PRJEB31613,SAMEA5408312,,Deer Stone,Uushgiin Uvur,Mongolia,UushgiinUvur_Mon43_3120,,,3053,3120,Bronze Age,49.6561667,99.9122056,female,Fages_et_al_2019,/home/ludo/inbox/BAMs/ancient/Mon43_CGG_1_018079.Horse_nuc_wY.realigned.r.t.m.5p2.3p1.bam
DOM2,UushgiinUvur_Mon44,horse,PRJEB31613,SAMEA5408313,,Deer Stone,Uushgiin Uvur,Mongolia,UushgiinUvur_Mon44_3085,3063,2972,3018,3039-3130,Bronze Age,49.6561667,99.9122056,male,Fages_et_al_2019,/home/ludo/inbox/BAMs/ancient/Mon44_CGG_1_018080.Horse_nuc_wY.realigned.r.t.m.bam
DOM2,UushgiinUvur_Mon45,horse,PRJEB31613,SAMEA5408314,,Deer Stone,Uushgiin Uvur,Mongolia,UushgiinUvur_Mon45_3080,,,3013,3080,Bronze Age,49.6561667,99.9122056,female,Fages_et_al_2019,/home/ludo/inbox/BAMs/ancient/Mon45_CGG_1_018081.Horse_nuc_wY.realigned.r.t.m.5p2.3p1.bam
DOM2,UushgiinUvur_Mon79,horse,PRJEB31613,SAMEA5408315,,Deer Stone,Uushgiin Uvur,Mongolia,UushgiinUvur_Mon79_3085,3063,2972,3018,3039-3130,Bronze Age,49.6561667,99.9122056,male,Fages_et_al_2019,/home/ludo/inbox/BAMs/ancient/Mon79_CGG_1_018115.Horse_nuc_wY.realigned.r.t.m.bam
DOM2,UushgiinUvur_Mon84,horse,PRJEB22390,SAMEA104233687,,Deer Stone,Uushgiin Uvur,Mongolia,UushgiinUvur_Mon84_3123,,,3056,3123,Bronze Age,49.6561667,99.9122056,male,Gaunitz_et_al_2018,/home/ludo/inbox/BAMs/ancient/Mon84_CGG_1_018120.Horse_nuc_wY.realigned.r.t.m.bam
DOM2,UushgiinUvur_Mon86,horse,PRJEB22390,SAMEA104233688,,Deer Stone,Uushgiin Uvur,Mongolia,UushgiinUvur_Mon86_3039,,,2972,3039,Bronze Age,49.6561667,99.9122056,male,Gaunitz_et_al_2018,/home/ludo/inbox/BAMs/ancient/Mon86_CGG_1_018122.Horse_nuc_wY.realigned.r.t.m.bam
DOM2,UushgiinUvur_Mon87,horse,PRJEB31613,SAMEA5408316,,Deer Stone,Uushgiin Uvur,Mongolia,UushgiinUvur_Mon87_3117,,,3050,3117,Bronze Age,49.6561667,99.9122056,female,Fages_et_al_2019,/home/ludo/inbox/BAMs/ancient/Mon87_CGG_1_018123.Horse_nuc_wY.realigned.r.t.m.bam
DOM2,UushgiinUvur_Mon89,horse,PRJEB31613,SAMEA5408317,,Deer Stone,Uushgiin Uvur,Mongolia,UushgiinUvur_Mon89_3085,3063,2972,3018,3039-3130,Bronze Age,49.6561667,99.9122056,male,Fages_et_al_2019,/home/ludo/inbox/BAMs/ancient/Mon89_i28_TCTCGC_U.r.t.3p2.bam
DOM2,Vermand_GVA199,horse,PRJEB31613,SAMEA5408318,,Gallo-roman,"Vermand, rue De Gaulle",France,Vermand_GVA199_1742,1700,1650,1675,1717-1767,Roman period,49.87749,3.145772,female,Fages_et_al_2019,/home/ludo/inbox/BAMs/ancient/GVA199_CGG_1_019773.Horse_nuc_wY.realigned.r.t.m.5p2.3p2.bam
DOM2,Vicerrectorado_VIR175,horse,PRJEB31613,SAMEA5408319,,,Vicerrectorado,Spain,Vicerrectorado_VIR175_1717,1750,1550,1650,1617-1817,Roman period,43.0092829,-7.5592897,male,Fages_et_al_2019,/home/ludo/inbox/BAMs/ancient/VIR175_CGG_1_016987_i41_TGTCTG.r.t.3p2.bam
DOM2,WhitehallRomanVilla_UK08,horse,PRJEB31613,SAMEA5408320,,,Whitehall Roman Villa,United Kingdom,WhitehallRomanVilla_UK08_1667,1650,1550,1600,1617-1717,Roman period,52.2260364,-1.0568535,male,Fages_et_al_2019,/home/ludo/inbox/BAMs/ancient/UK08_CGG_1_019435_i16_GTGTAT_U.r.t.5p2.3p1.bam
DOM2,WitterPlace_UK15,horse,PRJEB31613,SAMEA5408321,,,Witter Place,United Kingdom,WitterPlace_UK15_217,250,50,150,117-317,Early Modern period,53.193018,-2.882844,female,Fages_et_al_2019,/home/ludo/inbox/BAMs/ancient/UK15_CGG_1_019442.Horse_nuc_wY.realigned.r.t.m.3p1.bam
DOM2,WitterPlace_UK16,horse,PRJEB31613,SAMEA5408322,,,Witter Place,United Kingdom,WitterPlace_UK16_217,250,50,150,117-317,Early Modern period,53.193018,-2.882844,female,Fages_et_al_2019,/home/ludo/inbox/BAMs/ancient/UK16_CGG_1_019443.Horse_nuc_wY.realigned.r.t.m.bam
DOM2,WitterPlace_UK17,horse,PRJEB31613,SAMEA5408323,,,Witter Place,United Kingdom,WitterPlace_UK17_267,250,150,200,217-317,Early Modern period,53.193018,-2.882844,female,Fages_et_al_2019,/home/ludo/inbox/BAMs/ancient/UK17_CGG_1_019444.Horse_nuc_wY.realigned.r.t.m.bam
DOM2,WitterPlace_UK18,horse,PRJEB31613,SAMEA5408324,,,Witter Place,United Kingdom,WitterPlace_UK18_267,250,150,200,217-317,Early Modern period,53.193018,-2.882844,female,Fages_et_al_2019,/home/ludo/inbox/BAMs/ancient/UK18_CGG_1_019445.Horse_nuc_wY.realigned.r.t.m.bam
DOM2,WitterPlace_UK19,horse,PRJEB31613,SAMEA5408325,,,Witter Place,United Kingdom,WitterPlace_UK19_267,250,150,200,217-317,Early Modern period,53.193018,-2.882844,male,Fages_et_al_2019,/home/ludo/inbox/BAMs/ancient/UK19_CGG_1_019446.Horse_nuc_wY.realigned.r.t.m.5p2.3p1.bam
DOM2,WitterPlace_UK20,horse,PRJEB31613,SAMEA5408326,,,Witter Place,United Kingdom,WitterPlace_UK20_217,250,150,200,217-317,Early Modern period,53.193018,-2.882844,female,Fages_et_al_2019,/home/ludo/inbox/BAMs/ancient/UK20_CGG_1_019447_i11_GGCTAC_U.r.t.5p2.3p1.bam
DOM2,Yenikapi_Tur140,horse,PRJEB31613,SAMEA5408328,,Byzantine,Yenikapi,Turkey,Yenikapi_Tur140_1289,,,1222,1289,Byzantine period,41.00521,28.95172,male,Fages_et_al_2019,/home/ludo/inbox/BAMs/ancient/Tur140_CGG_1_018706.Horse_nuc_wY.realigned.r.t.m.1.3p.bam
DOM2,Yenikapi_Tur141,horse,PRJEB31613,SAMEA5408329,,Byzantine,Yenikapi,Turkey,Yenikapi_Tur141_1430,,,1363,1430,Byzantine period,41.00521,28.95172,male,Fages_et_al_2019,/home/ludo/inbox/BAMs/ancient/Tur141_CGG_1_018707.Horse_nuc_wY.realigned.r.t.m.5p2.3p1.bam
DOM2,Yenikapi_Tur142,horse,PRJEB31613,SAMEA5408330,,Byzantine,Yenikapi,Turkey,Yenikapi_Tur142_1396,,,1329,1396,Byzantine period,41.00521,28.95172,male,Fages_et_al_2019,/home/ludo/inbox/BAMs/ancient/Tur142_CGG_1_018708.Horse_nuc_wY.realigned.r.t.m.5p2.3p1.s.bam
DOM2,Yenikapi_Tur145,horse,PRJEB31613,SAMEA5408332,,Byzantine,Yenikapi,Turkey,Yenikapi_Tur145_1156,,,1089,1156,Byzantine period,41.00521,28.95172,male,Fages_et_al_2019,/home/ludo/inbox/BAMs/ancient/Tur145_CGG_1_018711.Horse_nuc_wY.realigned.r.t.m.1.3p.bam
DOM2,Yenikapi_Tur146,horse,PRJEB31613,SAMEA5408333,,Byzantine,Yenikapi,Turkey,Yenikapi_Tur146_1730,,,1663,1730,Byzantine period,41.00521,28.95172,male,Fages_et_al_2019,/home/ludo/inbox/BAMs/ancient/Tur146_CGG_1_018712.Horse_nuc_wY.realigned.r.t.m.5p2.3p1.bam
DOM2,Yenikapi_Tur150,horse,PRJEB31613,SAMEA5408336,,Byzantine,Yenikapi,Turkey,Yenikapi_Tur150_1443,1663,1089,1376,1156-1730,Byzantine period,41.00521,28.95172,male,Fages_et_al_2019,/home/ludo/inbox/BAMs/ancient/Tur150_CGG_1_018716.Horse_nuc_wY.realigned.r.t.m.1.3p.bam
DOM2,Yenikapi_Tur170,horse,PRJEB31613,SAMEA5408339,,Byzantine,Yenikapi,Turkey,Yenikapi_Tur170_1443,1663,1089,1376,1156-1730,Byzantine period,41.00521,28.95172,male,Fages_et_al_2019,/home/ludo/inbox/BAMs/ancient/Tur170_CGG_1_018736.Horse_nuc_wY.realigned.r.t.m.3p1.bam
DOM2,Yenikapi_Tur171,horse,PRJEB31613,SAMEA5408340,,Byzantine,Yenikapi,Turkey,Yenikapi_Tur171_1689,,,1622,1689,Byzantine period,41.00521,28.95172,male,Fages_et_al_2019,/home/ludo/inbox/BAMs/ancient/Tur171_CGG_1_018737.Horse_nuc_wY.realigned.r.t.m.1.3p.bam
DOM2,Yenikapi_Tur172,horse,PRJEB22390,SAMEA104233689,,Byzantine,Yenikapi,Turkey,Yenikapi_Tur172_1695,,,1628,1695,Byzantine period,41.00521,28.95172,male,Gaunitz_et_al_2018,/home/ludo/inbox/BAMs/ancient/Tur172_CGG_1_018738.Horse_nuc_wY.realigned.r.t.m.bam
DOM2,Yenikapi_Tur173,horse,PRJEB31613,SAMEA5408341,,Byzantine,Yenikapi,Turkey,Yenikapi_Tur173_1443,1663,1089,1376,1156-1730,Byzantine period,41.00521,28.95172,male,Fages_et_al_2019,/home/ludo/inbox/BAMs/ancient/Tur173_CGG_1_018739.Horse_nuc_wY.realigned.r.t.m.1.3p.bam
DOM2,Yenikapi_Tur175,horse,PRJEB31613,SAMEA5408342,,Byzantine,Yenikapi,Turkey,Yenikapi_Tur175_1443,1663,1089,1376,1156-1730,Byzantine period,41.00521,28.95172,male,Fages_et_al_2019,/home/ludo/inbox/BAMs/ancient/Tur175_CGG_1_018741.Horse_nuc_wY.realigned.r.t.m.bam
DOM2,Yenikapi_Tur176,horse,PRJEB31613,SAMEA5408343,,Byzantine,Yenikapi,Turkey,Yenikapi_Tur176_1443,1663,1089,1376,1156-1730,Byzantine period,41.00521,28.95172,male,Fages_et_al_2019,/home/ludo/inbox/BAMs/ancient/Tur176_CGG_1_018742.Horse_nuc_wY.realigned.r.t.m.bam
DOM2,Yenikapi_Tur181,horse,PRJEB31613,SAMEA5408344,,Byzantine,Yenikapi,Turkey,Yenikapi_Tur181_1443,1663,1089,1376,1156-1730,Byzantine period,41.00521,28.95172,male,Fages_et_al_2019,/home/ludo/inbox/BAMs/ancient/Tur181_CGG_1_018747.Horse_nuc_wY.realigned.r.t.m.bam
DOM2,Yenikapi_Tur193,horse,PRJEB31613,SAMEA5408347,,Byzantine,Yenikapi,Turkey,Yenikapi_Tur193_1443,1663,1089,1376,1156-1730,Byzantine period,41.00521,28.95172,male,Fages_et_al_2019,/home/ludo/inbox/BAMs/ancient/Tur193_CGG_1_018759.Horse_nuc_wY.realigned.r.t.m.1.3p.bam
DOM2,Yenikapi_Tur194,horse,PRJEB31613,SAMEA5408348,,Byzantine,Yenikapi,Turkey,Yenikapi_Tur194_1360,,,1293,1360,Byzantine period,41.00521,28.95172,male,Fages_et_al_2019,/home/ludo/inbox/BAMs/ancient/Tur194_CGG_1_018760.Horse_nuc_wY.realigned.r.t.m.1.3p.bam
DOM2,Yenikapi_Tur229,horse,PRJEB31613,SAMEA5408350,,Byzantine,Yenikapi,Turkey,Yenikapi_Tur229_1443,1663,1089,1376,1156-1730,Byzantine period,41.00521,28.95172,male,Fages_et_al_2019,/home/ludo/inbox/BAMs/ancient/Tur229_CGG_1_018795.Horse_nuc_wY.realigned.r.t.m.1.3p.bam
DOM2,Yenikapi_Tur243,horse,PRJEB31613,SAMEA5408351,,Byzantine,Yenikapi,Turkey,Yenikapi_Tur243_1443,1663,1089,1376,1156-1730,Byzantine period,41.00521,28.95172,male,Fages_et_al_2019,/home/ludo/inbox/BAMs/ancient/Tur243_CGG_1_018809.Horse_nuc_wY.realigned.r.t.m.bam
DOM2,Yerqorqan_YER28,horse,PRJEB31613,SAMEA5408358,, Yaz,Yerqorqan,Uzbekistan,Yerqorqan_YER28_2853,,,2786,2853,Iron Age,38.867278,65.800161,male,Fages_et_al_2019,/home/ludo/inbox/BAMs/ancient/YER28_CGG_1_020254.Horse_nuc_wY.realigned.r.t.m.1.3p.s.bam
DOM2,Zhanaturmus_Issyk1,horse,PRJEB22390,SAMEA104233690,,,Zhanaturmus,Kazakhstan,Zhanaturmus_Issyk1_1143,,,1076,1143,Middle Ages,43.1836111,76.7797222,male,Gaunitz_et_al_2018,/home/ludo/inbox/BAMs/ancient/Issyk1_CGG_1_018577.Horse_nuc_wY.realigned.r.t.m.bam
PRZ,Przewalski_Paratype,horse,PRJEB10098,SAMEA3498593,,Przewalski,museum specimen,N/A,Przewalski_Paratype_118,,,51,118,Early Modern period,N/A,N/A,female,Der_Sarkissian_et_al_2015,/home/ludo/inbox/BAMs/ancient/Prze_0213A_Paratype.Horse_nuc_wY.realigned.r.t.m.bam
WILD,Batagai,horse,PRJNA222593,SAMN02371510,,wild pre-domestication,Batagai,Russia,Batagai_5155,,,5088,5155,wild Archaic ,67.5666667,134.7666667,male ,Librado_et_al_2015,/home/ludo/inbox/BAMs/ancient/ARUS_0223A_Batagai.Horse_nuc_wY.realigned.r.t.m.bam
WILD,Goyet_Vert311,horse,PRJEB31613,SAMEA5408232,,wild pre-domestication,Goyet,Belgium,Goyet_Vert311_35870,,,35803,35870,Upper Palaeolithic,50.44667,5.00911,female,Fages_et_al_2019,/home/ludo/inbox/BAMs/ancient/Vert311_CGG_1_018540.Horse_nuc_wY.realigned.r.t.m.3p1.bam
WILD,Taymyr_CGG10022,horse,PRJEB7537,SAMEA2821680,,wild pre-domestication,Taymyr,Russia,Taymyr_CGG10022_42758,,,42691,42758,wild Archaic ,73.046,109.708,female,Schubert_et_al_2014,/home/ludo/inbox/BAMs/ancient/ARUS_0224A_CGG10022.Horse_nuc_wY.realigned.r.t.m.bam
WILD,Taymyr_CGG10023,horse,PRJEB7537,SAMEA2821681,,wild pre-domestication,Taymyr,Russia,Taymyr_CGG10023_16056,,,15989,16056,wild Archaic ,73.046,109.708,male ,Schubert_et_al_2014,/home/ludo/inbox/BAMs/ancient/ARUS_0225A_CGG10023.Horse_nuc_wY.realigned.r.t.m.bam